team,name,position,jersey,height,weight,age
"Arizona Diamondbacks","Jalen Beeks","Relief Pitcher","68","5' 11"","215 lbs","31"
"Arizona Diamondbacks","Corbin Burnes","Starting Pitcher","39","6' 3"","245 lbs","30"
"Arizona Diamondbacks","Zac Gallen","Starting Pitcher","23","6' 2"","189 lbs","29"
"Arizona Diamondbacks","Kevin Ginkel","Relief Pitcher","37","6' 4"","235 lbs","31"
"Arizona Diamondbacks","Kendall Graveman","Relief Pitcher","49","6' 2"","215 lbs","34"
"Arizona Diamondbacks","Merrill Kelly","Starting Pitcher","29","6' 2"","202 lbs","36"
"Arizona Diamondbacks","Scott McGough","Relief Pitcher","30","5' 11"","190 lbs","35"
"Arizona Diamondbacks","Shelby Miller","Relief Pitcher","18","6' 3"","225 lbs","34"
"Arizona Diamondbacks","Christian Montes De Oca","Relief Pitcher","59","6' 4"","230 lbs","25"
"Arizona Diamondbacks","Juan Morillo","Relief Pitcher","67","6' 1"","150 lbs","26"
"Arizona Diamondbacks","Ryne Nelson","Relief Pitcher","19","6' 3"","184 lbs","27"
"Arizona Diamondbacks","Brandon Pfaadt","Starting Pitcher","32","6' 4"","220 lbs","26"
"Arizona Diamondbacks","Ryan Thompson","Relief Pitcher","81","6' 5"","210 lbs","32"
"Arizona Diamondbacks","Jose Herrera","Catcher","11","5' 9"","217 lbs","28"
"Arizona Diamondbacks","Gabriel Moreno","Catcher","14","5' 9"","195 lbs","25"
"Arizona Diamondbacks","Jordan Lawlar","Shortstop","10","6' 0"","190 lbs","22"
"Arizona Diamondbacks","Ketel Marte","Second Base","4","6' 0"","210 lbs","31"
"Arizona Diamondbacks","Josh Naylor","First Base","22","5' 10"","235 lbs","27"
"Arizona Diamondbacks","Geraldo Perdomo","Shortstop","2","6' 2"","203 lbs","25"
"Arizona Diamondbacks","Pavin Smith","First Base","26","6' 2"","208 lbs","29"
"Arizona Diamondbacks","Eugenio Suarez","Third Base","28","5' 11"","213 lbs","33"
"Arizona Diamondbacks","Tim Tawa","Second Base","13","5' 11"","196 lbs","26"
"Arizona Diamondbacks","Corbin Carroll","Right Field","7","5' 10"","165 lbs","24"
"Arizona Diamondbacks","Randal Grichuk","Right Field","15","6' 0"","216 lbs","33"
"Arizona Diamondbacks","Lourdes Gurriel Jr.","Left Field","12","6' 3"","215 lbs","31"
"Arizona Diamondbacks","Alek Thomas","Center Field","5","5' 9"","175 lbs","25"
"Athletics","Tyler Ferguson","Relief Pitcher","44","6' 4"","225 lbs","31"
"Athletics","Hogan Harris","Relief Pitcher","36","6' 3"","230 lbs","28"
"Athletics","Gunnar Hoglund","Starting Pitcher","53","6' 4"","220 lbs","25"
"Athletics","Grant Holman","Relief Pitcher","67","6' 6"","250 lbs","24"
"Athletics","Matt Krook","Relief Pitcher","62","6' 4"","225 lbs","30"
"Athletics","Anthony Maldonado","Relief Pitcher","56","6' 4"","220 lbs","27"
"Athletics","Mason Miller","Relief Pitcher","19","6' 5"","200 lbs","26"
"Athletics","Michel Otanez","Relief Pitcher","47","6' 4"","218 lbs","27"
"Athletics","JP Sears","Starting Pitcher","38","5' 11"","180 lbs","29"
"Athletics","Luis Severino","Starting Pitcher","40","6' 2"","218 lbs","31"
"Athletics","Mitch Spence","Relief Pitcher","28","6' 1"","185 lbs","27"
"Athletics","Jeffrey Springs","Starting Pitcher","59","6' 3"","218 lbs","32"
"Athletics","Justin Sterner","Relief Pitcher","60","6' 1"","215 lbs","28"
"Athletics","Shea Langeliers","Catcher","23","6' 0"","205 lbs","27"
"Athletics","Jhonny Pereda","Catcher","64","6' 1"","202 lbs","29"
"Athletics","Nick Kurtz","First Base","16","6' 5"","240 lbs","22"
"Athletics","Max Schuemann","Third Base","12","6' 0"","186 lbs","27"
"Athletics","Tyler Soderstrom","First Base","21","6' 2"","200 lbs","23"
"Athletics","Luis Urias","Second Base","17","5' 9"","202 lbs","27"
"Athletics","Gio Urshela","Third Base","13","6' 0"","215 lbs","33"
"Athletics","Jacob Wilson","Shortstop","5","6' 2"","190 lbs","23"
"Athletics","Miguel Andujar","Left Field","22","6' 0"","211 lbs","30"
"Athletics","JJ Bleday","Center Field","33","6' 2"","205 lbs","27"
"Athletics","Seth Brown","Left Field","15","6' 1"","223 lbs","32"
"Athletics","Lawrence Butler","Right Field","4","6' 3"","210 lbs","24"
"Athletics","Brent Rooker","Right Field","25","6' 3"","225 lbs","30"
"Atlanta Braves","Scott Blewett","Relief Pitcher","63","6' 6"","245 lbs","29"
"Atlanta Braves","Aaron Bummer","Relief Pitcher","49","6' 3"","215 lbs","31"
"Atlanta Braves","Enyel De Los Santos","Relief Pitcher","61","6' 3"","235 lbs","29"
"Atlanta Braves","Daysbel Hernandez","Relief Pitcher","62","5' 10"","220 lbs","28"
"Atlanta Braves","Grant Holmes","Starting Pitcher","66","6' 0"","226 lbs","29"
"Atlanta Braves","Raisel Iglesias","Relief Pitcher","26","6' 2"","190 lbs","35"
"Atlanta Braves","Pierce Johnson","Relief Pitcher","38","6' 2"","202 lbs","34"
"Atlanta Braves","Dylan Lee","Relief Pitcher","52","6' 3"","214 lbs","30"
"Atlanta Braves","Rafael Montero","Relief Pitcher","48","6' 0"","193 lbs","34"
"Atlanta Braves","Chris Sale","Starting Pitcher","51","6' 6"","180 lbs","36"
"Atlanta Braves","Spencer Schwellenbach","Starting Pitcher","56","6' 1"","200 lbs","24"
"Atlanta Braves","AJ Smith-Shawver","Starting Pitcher","32","6' 3"","205 lbs","22"
"Atlanta Braves","Spencer Strider","Starting Pitcher","99","6' 0"","195 lbs","26"
"Atlanta Braves","Drake Baldwin","Catcher","30","6' 1"","225 lbs","24"
"Atlanta Braves","Sean Murphy","Catcher","12","6' 3"","228 lbs","30"
"Atlanta Braves","Ozzie Albies","Second Base","1","5' 7"","165 lbs","28"
"Atlanta Braves","Nick Allen","Shortstop","2","5' 8"","166 lbs","26"
"Atlanta Braves","Orlando Arcia","Shortstop","11","5' 11"","187 lbs","30"
"Atlanta Braves","Matt Olson","First Base","28","6' 4"","225 lbs","31"
"Atlanta Braves","Austin Riley","Third Base","27","6' 2"","225 lbs","28"
"Atlanta Braves","Luke Williams","Shortstop","37","6' 1"","186 lbs","28"
"Atlanta Braves","Stuart Fairchild","Right Field","17","5' 11"","205 lbs","29"
"Atlanta Braves","Michael Harris II","Center Field","23","6' 0"","195 lbs","24"
"Atlanta Braves","Alex Verdugo","Left Field","8","6' 0"","209 lbs","29"
"Atlanta Braves","Eli White","Right Field","36","6' 3"","195 lbs","30"
"Atlanta Braves","Marcell Ozuna","Designated Hitter","20","6' 1"","225 lbs","34"
"Baltimore Orioles","Keegan Akin","Relief Pitcher","45","6' 0"","240 lbs","30"
"Baltimore Orioles","Bryan Baker","Relief Pitcher","43","6' 6"","235 lbs","30"
"Baltimore Orioles","Felix Bautista","Relief Pitcher","74","6' 8"","285 lbs","29"
"Baltimore Orioles","Yennier Cano","Relief Pitcher","78","6' 4"","245 lbs","31"
"Baltimore Orioles","Seranthony Dominguez","Relief Pitcher","56","6' 1"","225 lbs","30"
"Baltimore Orioles","Zach Eflin","Starting Pitcher","24","6' 6"","220 lbs","31"
"Baltimore Orioles","Andrew Kittredge","Relief Pitcher","39","6' 1"","230 lbs","35"
"Baltimore Orioles","Dean Kremer","Starting Pitcher","64","6' 2"","210 lbs","29"
"Baltimore Orioles","Charlie Morton","Starting Pitcher","50","6' 5"","215 lbs","41"
"Baltimore Orioles","Cionel Perez","Relief Pitcher","58","6' 0"","175 lbs","29"
"Baltimore Orioles","Cade Povich","Starting Pitcher","37","6' 3"","185 lbs","25"
"Baltimore Orioles","Gregory Soto","Relief Pitcher","65","6' 1"","234 lbs","30"
"Baltimore Orioles","Tomoyuki Sugano","Starting Pitcher","19","6' 1"","198 lbs","35"
"Baltimore Orioles","Maverick Handley","Catcher","98","5' 9"","210 lbs","27"
"Baltimore Orioles","Adley Rutschman","Catcher","35","6' 2"","230 lbs","27"
"Baltimore Orioles","Gunnar Henderson","Shortstop","2","6' 3"","220 lbs","23"
"Baltimore Orioles","Jackson Holliday","Second Base","7","6' 0"","185 lbs","21"
"Baltimore Orioles","Jorge Mateo","Shortstop","3","6' 1"","200 lbs","29"
"Baltimore Orioles","Ryan Mountcastle","First Base","6","6' 3"","220 lbs","28"
"Baltimore Orioles","Emmanuel Rivera","Third Base","26","6' 0"","225 lbs","28"
"Baltimore Orioles","Ramon Urias","Third Base","29","5' 9"","185 lbs","30"
"Baltimore Orioles","Dylan Carlson","Left Field","15","6' 2"","200 lbs","26"
"Baltimore Orioles","Heston Kjerstad","Left Field","13","6' 2"","205 lbs","26"
"Baltimore Orioles","Ramon Laureano","Left Field","12","5' 10"","203 lbs","30"
"Baltimore Orioles","Cedric Mullins","Center Field","31","5' 8"","175 lbs","30"
"Baltimore Orioles","Ryan O'Hearn","Right Field","32","6' 2"","220 lbs","31"
"Boston Red Sox","Brayan Bello","Starting Pitcher","66","6' 1"","195 lbs","26"
"Boston Red Sox","Brennan Bernardino","Relief Pitcher","83","6' 4"","180 lbs","33"
"Boston Red Sox","Walker Buehler","Starting Pitcher","0","6' 2"","185 lbs","30"
"Boston Red Sox","Aroldis Chapman","Relief Pitcher","44","6' 4"","235 lbs","37"
"Boston Red Sox","Garrett Crochet","Starting Pitcher","35","6' 6"","245 lbs","25"
"Boston Red Sox","Hunter Dobbins","Starting Pitcher","73","6' 2"","185 lbs","25"
"Boston Red Sox","Lucas Giolito","Starting Pitcher","54","6' 6"","245 lbs","30"
"Boston Red Sox","Liam Hendriks","Relief Pitcher","31","6' 0"","235 lbs","36"
"Boston Red Sox","Sean Newcomb","Starting Pitcher","19","6' 5"","255 lbs","31"
"Boston Red Sox","Justin Slaten","Relief Pitcher","63","6' 4"","222 lbs","27"
"Boston Red Sox","Greg Weissert","Relief Pitcher","57","6' 2"","235 lbs","30"
"Boston Red Sox","Garrett Whitlock","Relief Pitcher","22","6' 5"","222 lbs","28"
"Boston Red Sox","Justin Wilson","Relief Pitcher","32","6' 2"","205 lbs","37"
"Boston Red Sox","Carlos Narvaez","Catcher","75","6' 0"","190 lbs","26"
"Boston Red Sox","Connor Wong","Catcher","12","5' 10"","190 lbs","29"
"Boston Red Sox","Alex Bregman","Third Base","2","5' 11"","190 lbs","31"
"Boston Red Sox","Kristian Campbell","Second Base","28","6' 3"","191 lbs","22"
"Boston Red Sox","David Hamilton","Second Base","17","5' 11"","188 lbs","27"
"Boston Red Sox","Nick Sogard","First Base","20","6' 1"","189 lbs","27"
"Boston Red Sox","Trevor Story","Shortstop","10","6' 1"","209 lbs","32"
"Boston Red Sox","Abraham Toro","First Base","29","6' 0"","223 lbs","28"
"Boston Red Sox","Wilyer Abreu","Right Field","52","5' 10"","215 lbs","25"
"Boston Red Sox","Jarren Duran","Left Field","16","6' 1"","205 lbs","28"
"Boston Red Sox","Ceddanne Rafaela","Center Field","3","5' 10"","165 lbs","24"
"Boston Red Sox","Rob Refsnyder","Right Field","30","6' 0"","215 lbs","34"
"Boston Red Sox","Rafael Devers","Designated Hitter","11","6' 0"","235 lbs","28"
"Chicago Cubs","Matthew Boyd","Starting Pitcher","16","6' 3"","223 lbs","34"
"Chicago Cubs","Ben Brown","Starting Pitcher","32","6' 6"","210 lbs","25"
"Chicago Cubs","Chris Flexen","Relief Pitcher","77","6' 3"","220 lbs","30"
"Chicago Cubs","Cade Horton","Starting Pitcher","22","6' 1"","211 lbs","23"
"Chicago Cubs","Brad Keller","Relief Pitcher","40","6' 5"","255 lbs","29"
"Chicago Cubs","Julian Merryweather","Relief Pitcher","66","6' 4"","215 lbs","33"
"Chicago Cubs","Daniel Palencia","Relief Pitcher","48","5' 11"","160 lbs","25"
"Chicago Cubs","Drew Pomeranz","Relief Pitcher","45","6' 5"","246 lbs","36"
"Chicago Cubs","Ryan Pressly","Relief Pitcher","55","6' 2"","207 lbs","36"
"Chicago Cubs","Colin Rea","Starting Pitcher","53","6' 5"","220 lbs","34"
"Chicago Cubs","Ethan Roberts","Relief Pitcher","39","5' 10"","180 lbs","27"
"Chicago Cubs","Jameson Taillon","Starting Pitcher","50","6' 5"","230 lbs","33"
"Chicago Cubs","Caleb Thielbar","Relief Pitcher","24","6' 0"","205 lbs","38"
"Chicago Cubs","Miguel Amaya","Catcher","9","6' 1"","230 lbs","26"
"Chicago Cubs","Carson Kelly","Catcher","15","6' 1"","212 lbs","30"
"Chicago Cubs","Jon Berti","Third Base","5","5' 10"","190 lbs","35"
"Chicago Cubs","Vidal Brujan","Third Base","17","5' 9"","180 lbs","27"
"Chicago Cubs","Michael Busch","First Base","29","6' 0"","210 lbs","27"
"Chicago Cubs","Nico Hoerner","Second Base","2","5' 11"","200 lbs","28"
"Chicago Cubs","Matt Shaw","Second Base","6","5' 10"","185 lbs","23"
"Chicago Cubs","Dansby Swanson","Shortstop","7","6' 0"","190 lbs","31"
"Chicago Cubs","Justin Turner","First Base","3","5' 11"","208 lbs","40"
"Chicago Cubs","Pete Crow-Armstrong","Center Field","4","6' 0"","184 lbs","23"
"Chicago Cubs","Ian Happ","Left Field","8","5' 11"","205 lbs","30"
"Chicago Cubs","Seiya Suzuki","Left Field","27","6' 0"","182 lbs","30"
"Chicago Cubs","Kyle Tucker","Right Field","30","6' 4"","212 lbs","28"
"Chicago White Sox","Cam Booser","Relief Pitcher","71","6' 3"","230 lbs","33"
"Chicago White Sox","Sean Burke","Starting Pitcher","59","6' 6"","240 lbs","25"
"Chicago White Sox","Jonathan Cannon","Starting Pitcher","48","6' 6"","225 lbs","24"
"Chicago White Sox","Miguel Castro","Relief Pitcher","60","6' 7"","201 lbs","30"
"Chicago White Sox","Brandon Eisert","Relief Pitcher","53","6' 2"","210 lbs","27"
"Chicago White Sox","Adrian Houser","Relief Pitcher","47","6' 3"","242 lbs","32"
"Chicago White Sox","Jordan Leasure","Relief Pitcher","49","6' 3"","220 lbs","26"
"Chicago White Sox","Davis Martin","Starting Pitcher","65","6' 2"","215 lbs","28"
"Chicago White Sox","Jared Shuster","Relief Pitcher","51","6' 3"","220 lbs","26"
"Chicago White Sox","Shane Smith","Starting Pitcher","64","6' 3"","240 lbs","25"
"Chicago White Sox","Mike Vasil","Relief Pitcher","61","6' 5"","225 lbs","25"
"Chicago White Sox","Bryse Wilson","Relief Pitcher","46","6' 2"","255 lbs","27"
"Chicago White Sox","Steven Wilson","Relief Pitcher","36","6' 4"","220 lbs","30"
"Chicago White Sox","Edgar Quero","Catcher","7","5' 10"","205 lbs","22"
"Chicago White Sox","Matt Thaiss","Catcher","29","5' 11"","215 lbs","30"
"Chicago White Sox","Vinny Capra","Third Base","41","5' 8"","188 lbs","28"
"Chicago White Sox","Timothy Elko","First Base","30","6' 3"","250 lbs","26"
"Chicago White Sox","Chase Meidroth","Shortstop","10","5' 10"","190 lbs","23"
"Chicago White Sox","Josh Rojas","Third Base","5","6' 1"","200 lbs","30"
"Chicago White Sox","Lenyn Sosa","Second Base","50","5' 11"","210 lbs","25"
"Chicago White Sox","Miguel Vargas","Third Base","20","6' 2"","225 lbs","25"
"Chicago White Sox","Andrew Vaughn","First Base","25","5' 10"","215 lbs","27"
"Chicago White Sox","Joshua Palacios","Right Field","47","6' 0"","210 lbs","29"
"Chicago White Sox","Luis Robert Jr.","Center Field","88","6' 2"","225 lbs","27"
"Chicago White Sox","Austin Slater","Right Field","15","6' 1"","205 lbs","32"
"Chicago White Sox","Michael A. Taylor","Right Field","21","6' 4"","215 lbs","34"
"Cincinnati Reds","Andrew Abbott","Starting Pitcher","41","6' 0"","192 lbs","25"
"Cincinnati Reds","Graham Ashcraft","Relief Pitcher","23","6' 2"","248 lbs","27"
"Cincinnati Reds","Scott Barlow","Relief Pitcher","58","6' 3"","210 lbs","32"
"Cincinnati Reds","Ian Gibaut","Relief Pitcher","79","6' 3"","250 lbs","31"
"Cincinnati Reds","Nick Lodolo","Starting Pitcher","40","6' 6"","216 lbs","27"
"Cincinnati Reds","Nick Martinez","Starting Pitcher","28","6' 1"","200 lbs","34"
"Cincinnati Reds","Luis Mey","Relief Pitcher","62","6' 5"","235 lbs","23"
"Cincinnati Reds","Emilio Pagan","Relief Pitcher","15","6' 2"","208 lbs","34"
"Cincinnati Reds","Taylor Rogers","Relief Pitcher","55","6' 3"","190 lbs","34"
"Cincinnati Reds","Tony Santillan","Relief Pitcher","64","6' 3"","285 lbs","28"
"Cincinnati Reds","Brady Singer","Starting Pitcher","51","6' 5"","215 lbs","28"
"Cincinnati Reds","Brent Suter","Relief Pitcher","31","6' 4"","213 lbs","35"
"Cincinnati Reds","Tyler Stephenson","Catcher","37","6' 3"","225 lbs","28"
"Cincinnati Reds","Jose Trevino","Catcher","35","5' 9"","215 lbs","32"
"Cincinnati Reds","Austin Wynns","Catcher","38","6' 1"","190 lbs","34"
"Cincinnati Reds","Elly De La Cruz","Shortstop","44","6' 5"","200 lbs","23"
"Cincinnati Reds","Santiago Espinal","Third Base","4","5' 10"","185 lbs","30"
"Cincinnati Reds","Matt McLain","Second Base","9","5' 9"","180 lbs","25"
"Cincinnati Reds","Spencer Steer","First Base","7","5' 9"","185 lbs","27"
"Cincinnati Reds","Will Benson","Right Field","30","6' 4"","230 lbs","26"
"Cincinnati Reds","TJ Friedl","Center Field","29","5' 8"","180 lbs","29"
"Cincinnati Reds","Austin Hays","Left Field","12","5' 11"","200 lbs","29"
"Cincinnati Reds","Rece Hinds","Right Field","57","6' 3"","215 lbs","24"
"Cincinnati Reds","Connor Joe","Left Field","17","5' 11"","205 lbs","32"
"Cincinnati Reds","Gavin Lux","Left Field","2","5' 11"","190 lbs","27"
"Cleveland Guardians","Kolby Allard","Relief Pitcher","49","6' 1"","195 lbs","27"
"Cleveland Guardians","Logan Allen","Starting Pitcher","26","6' 0"","190 lbs","26"
"Cleveland Guardians","Tanner Bibee","Starting Pitcher","28","6' 2"","205 lbs","26"
"Cleveland Guardians","Joey Cantillo","Relief Pitcher","54","6' 4"","225 lbs","25"
"Cleveland Guardians","Slade Cecconi","Starting Pitcher","44","6' 4"","219 lbs","25"
"Cleveland Guardians","Emmanuel Clase","Relief Pitcher","48","6' 2"","206 lbs","27"
"Cleveland Guardians","Matt Festa","Relief Pitcher","52","6' 1"","195 lbs","32"
"Cleveland Guardians","Hunter Gaddis","Relief Pitcher","33","6' 6"","260 lbs","27"
"Cleveland Guardians","Tim Herrin","Relief Pitcher","29","6' 6"","230 lbs","28"
"Cleveland Guardians","Jakob Junis","Relief Pitcher","16","6' 3"","238 lbs","32"
"Cleveland Guardians","Luis Ortiz","Starting Pitcher","45","6' 2"","235 lbs","26"
"Cleveland Guardians","Cade Smith","Relief Pitcher","36","6' 5"","230 lbs","26"
"Cleveland Guardians","Gavin Williams","Starting Pitcher","32","6' 6"","250 lbs","25"
"Cleveland Guardians","Austin Hedges","Catcher","27","6' 0"","220 lbs","32"
"Cleveland Guardians","Bo Naylor","Catcher","23","6' 0"","205 lbs","25"
"Cleveland Guardians","Gabriel Arias","Second Base","13","6' 1"","217 lbs","25"
"Cleveland Guardians","Kyle Manzardo","First Base","9","6' 0"","205 lbs","24"
"Cleveland Guardians","Jose Ramirez","Third Base","11","5' 8"","190 lbs","32"
"Cleveland Guardians","Carlos Santana","First Base","41","5' 10"","210 lbs","39"
"Cleveland Guardians","Daniel Schneemann","Second Base","10","5' 11"","185 lbs","28"
"Cleveland Guardians","Will Wilson","Third Base","7","5' 10"","184 lbs","26"
"Cleveland Guardians","Will Brennan","Right Field","17","5' 11"","200 lbs","27"
"Cleveland Guardians","Nolan Jones","Right Field","22","6' 5"","195 lbs","27"
"Cleveland Guardians","Steven Kwan","Left Field","38","5' 8"","170 lbs","27"
"Cleveland Guardians","Angel Martinez","Center Field","1","5' 11"","200 lbs","23"
"Cleveland Guardians","Jhonkensy Noel","Right Field","43","6' 3"","250 lbs","23"
"Colorado Rockies","Zach Agnos","Relief Pitcher","36","6' 0"","210 lbs","24"
"Colorado Rockies","Scott Alexander","Relief Pitcher","52","6' 2"","195 lbs","35"
"Colorado Rockies","Jake Bird","Relief Pitcher","59","6' 3"","200 lbs","29"
"Colorado Rockies","Angel Chivilli","Relief Pitcher","57","6' 2"","162 lbs","22"
"Colorado Rockies","Chase Dollander","Starting Pitcher","32","6' 2"","200 lbs","23"
"Colorado Rockies","Kyle Freeland","Starting Pitcher","21","6' 4"","204 lbs","32"
"Colorado Rockies","Seth Halvorsen","Relief Pitcher","54","6' 2"","225 lbs","25"
"Colorado Rockies","Jimmy Herget","Relief Pitcher","44","6' 3"","170 lbs","31"
"Colorado Rockies","Tyler Kinley","Relief Pitcher","40","6' 4"","220 lbs","34"
"Colorado Rockies","German Marquez","Starting Pitcher","48","6' 1"","230 lbs","30"
"Colorado Rockies","Carson Palmquist","Starting Pitcher","45","6' 3"","185 lbs","24"
"Colorado Rockies","Ryan Rolison","Relief Pitcher","50","6' 2"","213 lbs","27"
"Colorado Rockies","Antonio Senzatela","Starting Pitcher","49","6' 1"","236 lbs","30"
"Colorado Rockies","Hunter Goodman","Catcher","15","6' 0"","210 lbs","25"
"Colorado Rockies","Jacob Stallings","Catcher","25","6' 5"","225 lbs","35"
"Colorado Rockies","Adael Amador","Second Base","1","5' 11"","200 lbs","22"
"Colorado Rockies","Kyle Farmer","Second Base","6","5' 11"","205 lbs","34"
"Colorado Rockies","Tyler Freeman","Second Base","2","5' 11"","190 lbs","26"
"Colorado Rockies","Ryan McMahon","Third Base","24","6' 2"","219 lbs","30"
"Colorado Rockies","Aaron Schunk","Shortstop","30","6' 2"","205 lbs","27"
"Colorado Rockies","Michael Toglia","First Base","4","6' 5"","226 lbs","26"
"Colorado Rockies","Ezequiel Tovar","Shortstop","14","6' 0"","162 lbs","23"
"Colorado Rockies","Jordan Beck","Left Field","27","6' 2"","225 lbs","24"
"Colorado Rockies","Brenton Doyle","Center Field","9","6' 3"","220 lbs","27"
"Colorado Rockies","Nick Martini","Right Field","35","5' 11"","205 lbs","34"
"Colorado Rockies","Mickey Moniak","Right Field","22","6' 2"","195 lbs","27"
"Detroit Tigers","John Brebbia","Relief Pitcher","49","6' 1"","205 lbs","34"
"Detroit Tigers","Beau Brieske","Relief Pitcher","4","6' 3"","200 lbs","27"
"Detroit Tigers","Jack Flaherty","Starting Pitcher","9","6' 4"","225 lbs","29"
"Detroit Tigers","Sean Guenther","Relief Pitcher","73","5' 11"","194 lbs","29"
"Detroit Tigers","Tyler Holton","Relief Pitcher","87","6' 2"","200 lbs","28"
"Detroit Tigers","Brant Hurter","Relief Pitcher","48","6' 6"","250 lbs","26"
"Detroit Tigers","Jackson Jobe","Starting Pitcher","21","6' 2"","190 lbs","22"
"Detroit Tigers","Tommy Kahnle","Relief Pitcher","43","6' 1"","230 lbs","35"
"Detroit Tigers","Chase Lee","Relief Pitcher","53","6' 0"","170 lbs","26"
"Detroit Tigers","Keider Montero","Starting Pitcher","54","6' 1"","145 lbs","24"
"Detroit Tigers","Tarik Skubal","Starting Pitcher","29","6' 3"","240 lbs","28"
"Detroit Tigers","Will Vest","Relief Pitcher","19","6' 0"","180 lbs","29"
"Detroit Tigers","Dillon Dingler","Catcher","13","6' 1"","210 lbs","26"
"Detroit Tigers","Jake Rogers","Catcher","34","6' 0"","201 lbs","30"
"Detroit Tigers","Andy Ibanez","Third Base","77","5' 10"","205 lbs","32"
"Detroit Tigers","Colt Keith","Second Base","33","6' 2"","211 lbs","23"
"Detroit Tigers","Trey Sweeney","Shortstop","27","6' 3"","212 lbs","25"
"Detroit Tigers","Spencer Torkelson","First Base","20","6' 1"","220 lbs","25"
"Detroit Tigers","Gleyber Torres","Second Base","25","5' 11"","205 lbs","28"
"Detroit Tigers","Akil Baddoo","Left Field","60","5' 11"","214 lbs","26"
"Detroit Tigers","Javier Baez","Center Field","28","5' 11"","190 lbs","32"
"Detroit Tigers","Kerry Carpenter","Left Field","30","6' 1"","220 lbs","27"
"Detroit Tigers","Riley Greene","Left Field","31","6' 2"","200 lbs","24"
"Detroit Tigers","Justyn-Henry Malloy","Right Field","44","6' 1"","212 lbs","25"
"Detroit Tigers","Zach McKinstry","Right Field","39","6' 0"","180 lbs","30"
"Houston Astros","Bryan Abreu","Relief Pitcher","52","6' 1"","230 lbs","28"
"Houston Astros","Ronel Blanco","Starting Pitcher","56","6' 3"","265 lbs","31"
"Houston Astros","Hunter Brown","Starting Pitcher","58","6' 2"","220 lbs","26"
"Houston Astros","Shawn Dubin","Relief Pitcher","66","6' 0"","164 lbs","29"
"Houston Astros","Ryan Gusto","Starting Pitcher","67","6' 4"","232 lbs","26"
"Houston Astros","Josh Hader","Relief Pitcher","71","6' 3"","188 lbs","31"
"Houston Astros","Bryan King","Relief Pitcher","74","6' 1"","205 lbs","28"
"Houston Astros","Lance McCullers Jr.","Starting Pitcher","43","6' 1"","200 lbs","31"
"Houston Astros","Steven Okert","Relief Pitcher","48","6' 2"","202 lbs","33"
"Houston Astros","Kaleb Ort","Relief Pitcher","63","6' 4"","248 lbs","33"
"Houston Astros","Bennett Sousa","Relief Pitcher","62","6' 3"","220 lbs","30"
"Houston Astros","Framber Valdez","Starting Pitcher","59","5' 11"","230 lbs","31"
"Houston Astros","Forrest Whitley","Relief Pitcher","55","6' 7"","208 lbs","27"
"Houston Astros","Victor Caratini","Catcher","17","6' 0"","225 lbs","31"
"Houston Astros","Yainer Diaz","Catcher","21","5' 11"","195 lbs","26"
"Houston Astros","Cesar Salazar","Catcher","18","5' 9"","198 lbs","29"
"Houston Astros","Mauricio Dubon","Second Base","14","6' 0"","173 lbs","30"
"Houston Astros","Isaac Paredes","Third Base","15","5' 11"","213 lbs","26"
"Houston Astros","Jeremy Pena","Shortstop","3","6' 1"","202 lbs","27"
"Houston Astros","Brendan Rodgers","Second Base","1","6' 0"","204 lbs","28"
"Houston Astros","Christian Walker","First Base","8","5' 11"","208 lbs","34"
"Houston Astros","Jose Altuve","Left Field","27","5' 6"","167 lbs","35"
"Houston Astros","Zach Dezenzo","Left Field","9","6' 5"","220 lbs","25"
"Houston Astros","Chas McCormick","Center Field","20","6' 0"","208 lbs","30"
"Houston Astros","Jake Meyers","Center Field","6","6' 0"","200 lbs","28"
"Houston Astros","Cam Smith","Right Field","11","6' 3"","224 lbs","22"
"Kansas City Royals","Jonathan Bowlan","Starting Pitcher","62","6' 6"","240 lbs","28"
"Kansas City Royals","Kris Bubic","Starting Pitcher","50","6' 3"","225 lbs","27"
"Kansas City Royals","Noah Cameron","Starting Pitcher","65","6' 3"","220 lbs","25"
"Kansas City Royals","Taylor Clarke","Relief Pitcher","45","6' 4"","210 lbs","32"
"Kansas City Royals","Steven Cruz","Relief Pitcher","64","6' 7"","225 lbs","25"
"Kansas City Royals","Lucas Erceg","Relief Pitcher","60","6' 2"","214 lbs","30"
"Kansas City Royals","Carlos Estevez","Relief Pitcher","53","6' 6"","277 lbs","32"
"Kansas City Royals","Michael Lorenzen","Starting Pitcher","24","6' 3"","217 lbs","33"
"Kansas City Royals","Daniel Lynch IV","Relief Pitcher","41","6' 6"","200 lbs","28"
"Kansas City Royals","John Schreiber","Relief Pitcher","46","6' 2"","224 lbs","31"
"Kansas City Royals","Evan Sisk","Relief Pitcher","47","6' 2"","209 lbs","28"
"Kansas City Royals","Michael Wacha","Starting Pitcher","52","6' 6"","215 lbs","33"
"Kansas City Royals","Angel Zerpa","Relief Pitcher","61","6' 0"","220 lbs","25"
"Kansas City Royals","Freddy Fermin","Catcher","34","5' 10"","200 lbs","30"
"Kansas City Royals","Salvador Perez","Catcher","13","6' 3"","255 lbs","35"
"Kansas City Royals","Cavan Biggio","First Base","18","6' 1"","200 lbs","30"
"Kansas City Royals","Maikel Garcia","Third Base","11","6' 1"","180 lbs","25"
"Kansas City Royals","Jonathan India","Third Base","6","5' 11"","200 lbs","28"
"Kansas City Royals","Michael Massey","Second Base","19","6' 0"","195 lbs","27"
"Kansas City Royals","Vinnie Pasquantino","First Base","9","6' 3"","245 lbs","27"
"Kansas City Royals","Bobby Witt Jr.","Shortstop","7","6' 1"","200 lbs","24"
"Kansas City Royals","Dairon Blanco","Left Field","44","6' 0"","200 lbs","32"
"Kansas City Royals","Mark Canha","Left Field","21","6' 2"","200 lbs","36"
"Kansas City Royals","Kyle Isbel","Center Field","28","5' 10"","190 lbs","28"
"Kansas City Royals","Hunter Renfroe","Right Field","16","6' 1"","230 lbs","33"
"Kansas City Royals","Drew Waters","Left Field","8","6' 1"","185 lbs","26"
"Los Angeles Angels","Shaun Anderson","Relief Pitcher","64","6' 6"","228 lbs","30"
"Los Angeles Angels","Tyler Anderson","Starting Pitcher","31","6' 2"","220 lbs","35"
"Los Angeles Angels","Connor Brogdon","Relief Pitcher","75","6' 6"","205 lbs","30"
"Los Angeles Angels","Brock Burke","Relief Pitcher","46","6' 4"","210 lbs","28"
"Los Angeles Angels","Reid Detmers","Relief Pitcher","48","6' 2"","210 lbs","25"
"Los Angeles Angels","Kyle Hendricks","Starting Pitcher","28","6' 3"","190 lbs","35"
"Los Angeles Angels","Kenley Jansen","Relief Pitcher","74","6' 5"","265 lbs","37"
"Los Angeles Angels","Yusei Kikuchi","Starting Pitcher","16","6' 0"","210 lbs","33"
"Los Angeles Angels","Jack Kochanowicz","Starting Pitcher","41","6' 7"","228 lbs","24"
"Los Angeles Angels","Hector Neris","Relief Pitcher","54","6' 2"","227 lbs","35"
"Los Angeles Angels","Jose Soriano","Starting Pitcher","59","6' 3"","220 lbs","26"
"Los Angeles Angels","Hunter Strickland","Relief Pitcher","60","6' 3"","225 lbs","36"
"Los Angeles Angels","Ryan Zeferjahn","Relief Pitcher","56","6' 5"","209 lbs","27"
"Los Angeles Angels","Travis d'Arnaud","Catcher","25","6' 0"","210 lbs","36"
"Los Angeles Angels","Logan O'Hoppe","Catcher","14","6' 2"","185 lbs","25"
"Los Angeles Angels","Tim Anderson","Shortstop","77","6' 0"","185 lbs","31"
"Los Angeles Angels","Yoan Moncada","Third Base","5","6' 0"","220 lbs","29"
"Los Angeles Angels","Zach Neto","Shortstop","9","5' 11"","185 lbs","24"
"Los Angeles Angels","Kevin Newman","Shortstop","10","6' 1"","195 lbs","31"
"Los Angeles Angels","Kyren Paris","Second Base","19","5' 11"","180 lbs","23"
"Los Angeles Angels","Luis Rengifo","Third Base","2","5' 10"","195 lbs","28"
"Los Angeles Angels","Nolan Schanuel","First Base","18","6' 2"","220 lbs","23"
"Los Angeles Angels","Jo Adell","Center Field","7","6' 2"","215 lbs","26"
"Los Angeles Angels","Matthew Lugo","Left Field","15","6' 0"","190 lbs","24"
"Los Angeles Angels","Jorge Soler","Right Field","12","6' 4"","235 lbs","33"
"Los Angeles Angels","Taylor Ward","Left Field","3","6' 0"","200 lbs","31"
"Los Angeles Dodgers","Anthony Banda","Relief Pitcher","43","6' 2"","221 lbs","31"
"Los Angeles Dodgers","Ben Casparius","Relief Pitcher","78","6' 2"","215 lbs","26"
"Los Angeles Dodgers","Jack Dreyer","Relief Pitcher","86","6' 2"","205 lbs","26"
"Los Angeles Dodgers","Luis Garcia","Relief Pitcher","57","6' 2"","240 lbs","38"
"Los Angeles Dodgers","Tony Gonsolin","Starting Pitcher","26","6' 3"","205 lbs","31"
"Los Angeles Dodgers","Clayton Kershaw","Starting Pitcher","22","6' 4"","225 lbs","37"
"Los Angeles Dodgers","Landon Knack","Starting Pitcher","96","6' 2"","220 lbs","27"
"Los Angeles Dodgers","Dustin May","Starting Pitcher","85","6' 6"","180 lbs","27"
"Los Angeles Dodgers","Matt Sauer","Relief Pitcher","64","6' 4"","230 lbs","26"
"Los Angeles Dodgers","Tanner Scott","Relief Pitcher","66","6' 0"","235 lbs","30"
"Los Angeles Dodgers","Lou Trivino","Relief Pitcher","58","6' 5"","232 lbs","33"
"Los Angeles Dodgers","Alex Vesia","Relief Pitcher","51","6' 1"","209 lbs","29"
"Los Angeles Dodgers","Yoshinobu Yamamoto","Starting Pitcher","18","5' 10"","176 lbs","26"
"Los Angeles Dodgers","Dalton Rushing","Catcher","68","5' 11"","220 lbs","24"
"Los Angeles Dodgers","Will Smith","Catcher","16","5' 10"","195 lbs","30"
"Los Angeles Dodgers","Mookie Betts","Shortstop","50","5' 10"","180 lbs","32"
"Los Angeles Dodgers","Tommy Edman","Second Base","25","5' 9"","193 lbs","30"
"Los Angeles Dodgers","Freddie Freeman","First Base","5","6' 4"","220 lbs","35"
"Los Angeles Dodgers","Enrique Hernandez","First Base","8","5' 10"","195 lbs","33"
"Los Angeles Dodgers","Hyeseong Kim","Second Base","6","5' 10"","175 lbs","26"
"Los Angeles Dodgers","Max Muncy","Third Base","13","5' 10"","215 lbs","34"
"Los Angeles Dodgers","Miguel Rojas","Second Base","72","5' 11"","188 lbs","36"
"Los Angeles Dodgers","Michael Conforto","Left Field","23","5' 11"","215 lbs","32"
"Los Angeles Dodgers","Teoscar Hernandez","Right Field","37","6' 0"","215 lbs","32"
"Los Angeles Dodgers","Andy Pages","Center Field","44","6' 1"","212 lbs","24"
"Los Angeles Dodgers","Shohei Ohtani","Designated Hitter","17","6' 3"","210 lbs","30"
"Miami Marlins","Sandy Alcantara","Starting Pitcher","22","6' 5"","200 lbs","29"
"Miami Marlins","Lake Bachar","Relief Pitcher","84","6' 2"","219 lbs","29"
"Miami Marlins","Valente Bellozo","Starting Pitcher","83","5' 10"","208 lbs","25"
"Miami Marlins","Anthony Bender","Relief Pitcher","37","6' 4"","205 lbs","30"
"Miami Marlins","Edward Cabrera","Starting Pitcher","27","6' 5"","217 lbs","27"
"Miami Marlins","Calvin Faucher","Relief Pitcher","53","6' 1"","190 lbs","29"
"Miami Marlins","Cade Gibson","Relief Pitcher","58","6' 2"","195 lbs","27"
"Miami Marlins","Ronny Henriquez","Relief Pitcher","32","5' 10"","155 lbs","24"
"Miami Marlins","Max Meyer","Starting Pitcher","23","6' 0"","196 lbs","26"
"Miami Marlins","Tyler Phillips","Relief Pitcher","30","6' 5"","225 lbs","27"
"Miami Marlins","Cal Quantrill","Starting Pitcher","47","6' 3"","195 lbs","30"
"Miami Marlins","Jesus Tinoco","Relief Pitcher","38","6' 4"","258 lbs","30"
"Miami Marlins","Ryan Weathers","Starting Pitcher","35","6' 1"","230 lbs","25"
"Miami Marlins","Nick Fortes","Catcher","4","5' 11"","198 lbs","28"
"Miami Marlins","Liam Hicks","Catcher","34","5' 9"","185 lbs","25"
"Miami Marlins","Agustin Ramirez","Catcher","50","6' 1"","210 lbs","23"
"Miami Marlins","Otto Lopez","Second Base","6","5' 10"","185 lbs","26"
"Miami Marlins","Matt Mervis","First Base","36","6' 2"","225 lbs","27"
"Miami Marlins","Connor Norby","Third Base","1","5' 10"","180 lbs","24"
"Miami Marlins","Graham Pauley","Third Base","21","6' 1"","200 lbs","24"
"Miami Marlins","Javier Sanoja","Second Base","46","5' 7"","150 lbs","22"
"Miami Marlins","Eric Wagaman","First Base","33","6' 4"","210 lbs","27"
"Miami Marlins","Derek Hill","Center Field","3","6' 0"","206 lbs","29"
"Miami Marlins","Jesus Sanchez","Right Field","7","6' 4"","222 lbs","27"
"Miami Marlins","Ronny Simon","Left Field","41","5' 8"","150 lbs","25"
"Miami Marlins","Kyle Stowers","Right Field","28","6' 2"","215 lbs","27"
"Milwaukee Brewers","Tyler Alexander","Relief Pitcher","33","6' 1"","214 lbs","30"
"Milwaukee Brewers","Grant Anderson","Relief Pitcher","56","6' 0"","204 lbs","27"
"Milwaukee Brewers","Logan Henderson","Starting Pitcher","43","6' 0"","209 lbs","23"
"Milwaukee Brewers","Jared Koenig","Relief Pitcher","47","6' 5"","248 lbs","31"
"Milwaukee Brewers","Easton McGee","Starting Pitcher","50","6' 7"","217 lbs","27"
"Milwaukee Brewers","Nick Mears","Relief Pitcher","25","6' 3"","217 lbs","28"
"Milwaukee Brewers","Trevor Megill","Relief Pitcher","29","6' 8"","249 lbs","31"
"Milwaukee Brewers","Chad Patrick","Starting Pitcher","39","6' 1"","217 lbs","26"
"Milwaukee Brewers","Joel Payamps","Relief Pitcher","31","6' 3"","214 lbs","31"
"Milwaukee Brewers","Freddy Peralta","Starting Pitcher","51","6' 0"","198 lbs","28"
"Milwaukee Brewers","Quinn Priester","Starting Pitcher","46","6' 3"","210 lbs","24"
"Milwaukee Brewers","Abner Uribe","Relief Pitcher","45","6' 3"","210 lbs","24"
"Milwaukee Brewers","Rob Zastryzny","Relief Pitcher","58","6' 3"","205 lbs","33"
"Milwaukee Brewers","William Contreras","Catcher","24","5' 10"","218 lbs","27"
"Milwaukee Brewers","Eric Haase","Catcher","13","5' 10"","204 lbs","32"
"Milwaukee Brewers","Jake Bauers","First Base","9","6' 0"","203 lbs","29"
"Milwaukee Brewers","Caleb Durbin","Third Base","21","5' 7"","183 lbs","25"
"Milwaukee Brewers","Rhys Hoskins","First Base","12","6' 3"","241 lbs","32"
"Milwaukee Brewers","Andruw Monasterio","Shortstop","14","5' 11"","195 lbs","27"
"Milwaukee Brewers","Joey Ortiz","Shortstop","3","5' 10"","183 lbs","26"
"Milwaukee Brewers","Brice Turang","Second Base","2","5' 11"","190 lbs","25"
"Milwaukee Brewers","Daz Cameron","Right Field","20","6' 0"","185 lbs","28"
"Milwaukee Brewers","Jackson Chourio","Left Field","11","6' 0"","204 lbs","21"
"Milwaukee Brewers","Isaac Collins","Left Field","6","5' 8"","188 lbs","27"
"Milwaukee Brewers","Sal Frelick","Right Field","10","5' 8"","188 lbs","25"
"Milwaukee Brewers","Christian Yelich","Left Field","22","6' 3"","203 lbs","33"
"Minnesota Twins","Jorge Alcala","Relief Pitcher","66","6' 3"","205 lbs","29"
"Minnesota Twins","Jhoan Duran","Relief Pitcher","59","6' 5"","230 lbs","27"
"Minnesota Twins","Kody Funderburk","Relief Pitcher","55","6' 4"","230 lbs","28"
"Minnesota Twins","Griffin Jax","Relief Pitcher","22","6' 2"","195 lbs","30"
"Minnesota Twins","Pablo Lopez","Starting Pitcher","49","6' 4"","225 lbs","29"
"Minnesota Twins","Zebby Matthews","Starting Pitcher","52","6' 5"","225 lbs","24"
"Minnesota Twins","Bailey Ober","Starting Pitcher","17","6' 9"","260 lbs","29"
"Minnesota Twins","Chris Paddack","Starting Pitcher","20","6' 5"","217 lbs","29"
"Minnesota Twins","Joe Ryan","Starting Pitcher","41","6' 2"","205 lbs","28"
"Minnesota Twins","Cole Sands","Relief Pitcher","44","6' 3"","215 lbs","27"
"Minnesota Twins","Brock Stewart","Relief Pitcher","61","6' 3"","220 lbs","33"
"Minnesota Twins","Justin Topa","Relief Pitcher","48","6' 4"","200 lbs","34"
"Minnesota Twins","Louis Varland","Relief Pitcher","37","6' 1"","205 lbs","27"
"Minnesota Twins","Ryan Jeffers","Catcher","27","6' 3"","235 lbs","27"
"Minnesota Twins","Christian Vazquez","Catcher","8","5' 8"","205 lbs","34"
"Minnesota Twins","Jonah Bride","Third Base","31","5' 11"","200 lbs","29"
"Minnesota Twins","Willi Castro","Second Base","50","6' 0"","206 lbs","28"
"Minnesota Twins","Kody Clemens","Second Base","18","6' 0"","200 lbs","29"
"Minnesota Twins","Ryan Fitzgerald","Third Base","53","5' 10"","186 lbs","30"
"Minnesota Twins","Ty France","First Base","13","5' 11"","215 lbs","30"
"Minnesota Twins","Brooks Lee","Third Base","2","6' 1"","205 lbs","24"
"Minnesota Twins","Royce Lewis","Third Base","23","6' 0"","200 lbs","25"
"Minnesota Twins","Harrison Bader","Left Field","12","5' 11"","210 lbs","30"
"Minnesota Twins","DaShawn Keirsey Jr.","Right Field","21","6' 0"","195 lbs","28"
"Minnesota Twins","Trevor Larnach","Right Field","9","6' 3"","223 lbs","28"
"Minnesota Twins","Carson McCusker","Left Field","60","6' 8"","250 lbs","27"
"New York Mets","Huascar Brazoban","Relief Pitcher","43","6' 3"","155 lbs","35"
"New York Mets","Jose Butto","Relief Pitcher","70","6' 1"","202 lbs","27"
"New York Mets","Genesis Cabrera","Relief Pitcher","92","6' 2"","180 lbs","28"
"New York Mets","Griffin Canning","Starting Pitcher","46","6' 2"","180 lbs","29"
"New York Mets","Jose Castillo","Relief Pitcher","54","6' 6"","252 lbs","29"
"New York Mets","Edwin Diaz","Relief Pitcher","39","6' 3"","165 lbs","31"
"New York Mets","Reed Garrett","Relief Pitcher","75","6' 2"","195 lbs","32"
"New York Mets","Clay Holmes","Starting Pitcher","35","6' 5"","245 lbs","32"
"New York Mets","Max Kranick","Relief Pitcher","32","6' 3"","220 lbs","27"
"New York Mets","Tylor Megill","Starting Pitcher","38","6' 7"","230 lbs","29"
"New York Mets","David Peterson","Starting Pitcher","23","6' 6"","240 lbs","29"
"New York Mets","Kodai Senga","Starting Pitcher","34","6' 1"","202 lbs","32"
"New York Mets","Ryne Stanek","Relief Pitcher","55","6' 4"","226 lbs","33"
"New York Mets","Francisco Alvarez","Catcher","4","5' 10"","233 lbs","23"
"New York Mets","Luis Torrens","Catcher","13","5' 11"","217 lbs","29"
"New York Mets","Luisangel Acuna","Second Base","2","5' 8"","181 lbs","23"
"New York Mets","Pete Alonso","First Base","20","6' 3"","245 lbs","30"
"New York Mets","Brett Baty","Second Base","7","6' 3"","210 lbs","25"
"New York Mets","Francisco Lindor","Shortstop","12","5' 10"","190 lbs","31"
"New York Mets","Jeff McNeil","Second Base","1","6' 0"","195 lbs","33"
"New York Mets","Mark Vientos","Third Base","27","6' 3"","185 lbs","25"
"New York Mets","Jose Azocar","Left Field","28","5' 11"","181 lbs","29"
"New York Mets","Starling Marte","Right Field","6","6' 0"","195 lbs","36"
"New York Mets","Brandon Nimmo","Left Field","9","6' 2"","206 lbs","32"
"New York Mets","Juan Soto","Right Field","22","6' 1"","224 lbs","26"
"New York Mets","Tyrone Taylor","Center Field","15","6' 1"","218 lbs","31"
"New York Yankees","Yerry De los Santos","Relief Pitcher","73","6' 2"","210 lbs","27"
"New York Yankees","Max Fried","Starting Pitcher","54","6' 4"","190 lbs","31"
"New York Yankees","Ian Hamilton","Relief Pitcher","71","6' 1"","200 lbs","29"
"New York Yankees","Brent Headrick","Relief Pitcher","47","6' 6"","235 lbs","27"
"New York Yankees","Tim Hill","Relief Pitcher","41","6' 4"","210 lbs","35"
"New York Yankees","Mark Leiter Jr.","Relief Pitcher","56","6' 0"","210 lbs","34"
"New York Yankees","Jonathan Loaisiga","Relief Pitcher","43","5' 11"","195 lbs","30"
"New York Yankees","Carlos Rodon","Starting Pitcher","55","6' 2"","255 lbs","32"
"New York Yankees","Clarke Schmidt","Starting Pitcher","36","6' 1"","200 lbs","29"
"New York Yankees","Will Warren","Starting Pitcher","98","6' 2"","200 lbs","25"
"New York Yankees","Luke Weaver","Relief Pitcher","30","6' 2"","180 lbs","31"
"New York Yankees","Devin Williams","Relief Pitcher","38","6' 2"","193 lbs","30"
"New York Yankees","Ryan Yarbrough","Relief Pitcher","33","6' 5"","215 lbs","33"
"New York Yankees","J.C. Escarra","Catcher","25","6' 2"","220 lbs","30"
"New York Yankees","Austin Wells","Catcher","28","6' 1"","220 lbs","25"
"New York Yankees","Paul Goldschmidt","First Base","48","6' 2"","225 lbs","37"
"New York Yankees","DJ LeMahieu","Second Base","26","6' 3"","220 lbs","36"
"New York Yankees","Oswald Peraza","Third Base","18","5' 11"","200 lbs","24"
"New York Yankees","Pablo Reyes","Second Base","19","5' 8"","175 lbs","31"
"New York Yankees","Ben Rice","First Base","22","6' 2"","228 lbs","26"
"New York Yankees","Jorbit Vivas","Second Base","90","5' 9"","171 lbs","24"
"New York Yankees","Anthony Volpe","Shortstop","11","5' 10"","197 lbs","24"
"New York Yankees","Cody Bellinger","Left Field","35","6' 3"","204 lbs","29"
"New York Yankees","Jasson Dominguez","Left Field","24","5' 9"","218 lbs","22"
"New York Yankees","Trent Grisham","Center Field","12","5' 10"","221 lbs","28"
"New York Yankees","Aaron Judge","Right Field","99","6' 7"","282 lbs","33"
"Philadelphia Phillies","Jose Alvarado","Relief Pitcher","46","6' 2"","245 lbs","30"
"Philadelphia Phillies","Tanner Banks","Relief Pitcher","58","6' 1"","205 lbs","33"
"Philadelphia Phillies","Carlos Hernandez","Relief Pitcher","35","6' 4"","255 lbs","28"
"Philadelphia Phillies","Orion Kerkering","Relief Pitcher","50","6' 2"","204 lbs","24"
"Philadelphia Phillies","Max Lazar","Relief Pitcher","60","6' 1"","200 lbs","25"
"Philadelphia Phillies","Jesus Luzardo","Starting Pitcher","44","6' 0"","218 lbs","27"
"Philadelphia Phillies","Jordan Romano","Relief Pitcher","68","6' 5"","210 lbs","32"
"Philadelphia Phillies","Joe Ross","Relief Pitcher","41","6' 4"","243 lbs","32"
"Philadelphia Phillies","Jose Ruiz","Relief Pitcher","66","6' 1"","245 lbs","30"
"Philadelphia Phillies","Cristopher Sanchez","Starting Pitcher","61","6' 6"","200 lbs","28"
"Philadelphia Phillies","Matt Strahm","Relief Pitcher","25","6' 2"","190 lbs","33"
"Philadelphia Phillies","Ranger Suarez","Starting Pitcher","55","6' 1"","217 lbs","29"
"Philadelphia Phillies","Taijuan Walker","Starting Pitcher","99","6' 4"","235 lbs","32"
"Philadelphia Phillies","Zack Wheeler","Starting Pitcher","45","6' 4"","195 lbs","34"
"Philadelphia Phillies","Rafael Marchan","Catcher","13","5' 9"","170 lbs","26"
"Philadelphia Phillies","J.T. Realmuto","Catcher","10","6' 0"","212 lbs","34"
"Philadelphia Phillies","Alec Bohm","Third Base","28","6' 5"","218 lbs","28"
"Philadelphia Phillies","Bryce Harper","First Base","3","6' 2"","210 lbs","32"
"Philadelphia Phillies","Edmundo Sosa","Second Base","33","6' 0"","210 lbs","29"
"Philadelphia Phillies","Bryson Stott","Second Base","5","6' 1"","200 lbs","27"
"Philadelphia Phillies","Trea Turner","Shortstop","7","6' 1"","185 lbs","31"
"Philadelphia Phillies","Nick Castellanos","Right Field","8","6' 3"","203 lbs","33"
"Philadelphia Phillies","Max Kepler","Left Field","17","6' 4"","225 lbs","32"
"Philadelphia Phillies","Brandon Marsh","Center Field","16","6' 2"","215 lbs","27"
"Philadelphia Phillies","Johan Rojas","Center Field","23","5' 11"","165 lbs","24"
"Philadelphia Phillies","Kyle Schwarber","Left Field","12","5' 11"","229 lbs","32"
"Philadelphia Phillies","Weston Wilson","Left Field","37","6' 3"","215 lbs","30"
"Pittsburgh Pirates","David Bednar","Relief Pitcher","51","6' 1"","250 lbs","30"
"Pittsburgh Pirates","Ryan Borucki","Relief Pitcher","43","6' 4"","210 lbs","31"
"Pittsburgh Pirates","Mike Burrows","Starting Pitcher","53","6' 1"","200 lbs","25"
"Pittsburgh Pirates","Bailey Falter","Starting Pitcher","6","6' 4"","205 lbs","28"
"Pittsburgh Pirates","Caleb Ferguson","Relief Pitcher","64","6' 3"","225 lbs","28"
"Pittsburgh Pirates","Andrew Heaney","Starting Pitcher","45","6' 2"","200 lbs","33"
"Pittsburgh Pirates","Mitch Keller","Starting Pitcher","23","6' 3"","212 lbs","29"
"Pittsburgh Pirates","Isaac Mattson","Relief Pitcher","72","6' 2"","215 lbs","29"
"Pittsburgh Pirates","Tanner Rainey","Relief Pitcher","27","6' 3"","245 lbs","32"
"Pittsburgh Pirates","Dennis Santana","Relief Pitcher","60","6' 2"","190 lbs","29"
"Pittsburgh Pirates","Chase Shugart","Relief Pitcher","55","5' 11"","200 lbs","28"
"Pittsburgh Pirates","Paul Skenes","Starting Pitcher","30","6' 6"","260 lbs","22"
"Pittsburgh Pirates","Joey Wentz","Relief Pitcher","34","6' 5"","220 lbs","27"
"Pittsburgh Pirates","Joey Bart","Catcher","14","6' 3"","235 lbs","28"
"Pittsburgh Pirates","Henry Davis","Catcher","32","6' 0"","225 lbs","25"
"Pittsburgh Pirates","Adam Frazier","Second Base","26","5' 10"","190 lbs","33"
"Pittsburgh Pirates","Ke'Bryan Hayes","Third Base","13","5' 11"","215 lbs","28"
"Pittsburgh Pirates","Spencer Horwitz","First Base","2","5' 11"","200 lbs","27"
"Pittsburgh Pirates","Isiah Kiner-Falefa","Shortstop","7","5' 10"","195 lbs","30"
"Pittsburgh Pirates","Jared Triolo","Shortstop","19","6' 3"","210 lbs","27"
"Pittsburgh Pirates","Alexander Canario","Left Field","29","6' 1"","215 lbs","25"
"Pittsburgh Pirates","Oneil Cruz","Center Field","15","6' 7"","240 lbs","26"
"Pittsburgh Pirates","Andrew McCutchen","Right Field","22","5' 10"","190 lbs","38"
"Pittsburgh Pirates","Tommy Pham","Left Field","28","6' 1"","225 lbs","37"
"Pittsburgh Pirates","Bryan Reynolds","Right Field","10","6' 2"","205 lbs","30"
"Pittsburgh Pirates","Nick Solak","Right Field","46","5' 10"","185 lbs","30"
"San Diego Padres","Jason Adam","Relief Pitcher","40","6' 3"","229 lbs","33"
"San Diego Padres","Dylan Cease","Starting Pitcher","84","6' 2"","200 lbs","29"
"San Diego Padres","Jeremiah Estrada","Relief Pitcher","56","6' 1"","185 lbs","26"
"San Diego Padres","Alek Jacob","Relief Pitcher","37","6' 3"","190 lbs","26"
"San Diego Padres","Michael King","Starting Pitcher","34","6' 3"","210 lbs","29"
"San Diego Padres","Stephen Kolek","Starting Pitcher","32","6' 3"","210 lbs","28"
"San Diego Padres","Yuki Matsui","Relief Pitcher","1","5' 8"","165 lbs","29"
"San Diego Padres","Adrian Morejon","Relief Pitcher","50","5' 11"","224 lbs","26"
"San Diego Padres","Wandy Peralta","Relief Pitcher","58","6' 0"","227 lbs","33"
"San Diego Padres","Nick Pivetta","Starting Pitcher","27","6' 5"","210 lbs","32"
"San Diego Padres","Sean Reynolds","Relief Pitcher","25","6' 8"","250 lbs","27"
"San Diego Padres","Robert Suarez","Relief Pitcher","75","6' 2"","210 lbs","34"
"San Diego Padres","Randy Vasquez","Starting Pitcher","98","6' 0"","165 lbs","26"
"San Diego Padres","Elias Diaz","Catcher","17","6' 1"","223 lbs","34"
"San Diego Padres","Martin Maldonado","Catcher","15","6' 0"","230 lbs","38"
"San Diego Padres","Luis Arraez","First Base","4","5' 10"","175 lbs","28"
"San Diego Padres","Xander Bogaerts","Shortstop","2","6' 2"","218 lbs","32"
"San Diego Padres","Jake Cronenworth","Second Base","9","6' 0"","187 lbs","31"
"San Diego Padres","Jose Iglesias","Second Base","7","5' 11"","195 lbs","35"
"San Diego Padres","Manny Machado","Third Base","13","6' 2"","218 lbs","32"
"San Diego Padres","Gavin Sheets","First Base","30","6' 3"","235 lbs","29"
"San Diego Padres","Jason Heyward","Left Field","22","6' 5"","240 lbs","35"
"San Diego Padres","Brandon Lockridge","Center Field","28","5' 11"","185 lbs","28"
"San Diego Padres","Jackson Merrill","Center Field","3","6' 3"","195 lbs","22"
"San Diego Padres","Fernando Tatis Jr.","Right Field","23","6' 3"","217 lbs","26"
"San Diego Padres","Tyler Wade","Center Field","14","6' 0"","188 lbs","30"
"San Francisco Giants","Hayden Birdsong","Relief Pitcher","60","6' 4"","216 lbs","23"
"San Francisco Giants","Spencer Bivens","Relief Pitcher","76","6' 5"","217 lbs","30"
"San Francisco Giants","Camilo Doval","Relief Pitcher","75","6' 2"","205 lbs","27"
"San Francisco Giants","Kyle Harrison","Relief Pitcher","45","6' 2"","209 lbs","23"
"San Francisco Giants","Jordan Hicks","Starting Pitcher","12","6' 2"","217 lbs","28"
"San Francisco Giants","Erik Miller","Relief Pitcher","68","6' 5"","268 lbs","27"
"San Francisco Giants","Robbie Ray","Starting Pitcher","38","6' 2"","208 lbs","33"
"San Francisco Giants","Randy Rodriguez","Relief Pitcher","73","6' 0"","195 lbs","25"
"San Francisco Giants","Tyler Rogers","Relief Pitcher","71","6' 3"","180 lbs","34"
"San Francisco Giants","Landen Roupp","Starting Pitcher","65","6' 2"","215 lbs","26"
"San Francisco Giants","Justin Verlander","Starting Pitcher","35","6' 5"","240 lbs","42"
"San Francisco Giants","Ryan Walker","Relief Pitcher","74","6' 2"","212 lbs","29"
"San Francisco Giants","Logan Webb","Starting Pitcher","62","6' 1"","223 lbs","28"
"San Francisco Giants","Patrick Bailey","Catcher","14","6' 0"","225 lbs","25"
"San Francisco Giants","Sam Huff","Catcher","23","6' 4"","242 lbs","27"
"San Francisco Giants","Willy Adames","Shortstop","2","6' 0"","215 lbs","29"
"San Francisco Giants","Matt Chapman","Third Base","26","6' 1"","225 lbs","32"
"San Francisco Giants","Tyler Fitzgerald","Second Base","49","6' 2"","208 lbs","27"
"San Francisco Giants","Wilmer Flores","First Base","41","6' 3"","225 lbs","33"
"San Francisco Giants","Christian Koss","Second Base","50","6' 1"","186 lbs","27"
"San Francisco Giants","Casey Schmitt","First Base","10","6' 0"","220 lbs","26"
"San Francisco Giants","LaMonte Wade Jr.","First Base","31","5' 11"","215 lbs","31"
"San Francisco Giants","Jung Hoo Lee","Center Field","51","6' 0"","197 lbs","26"
"San Francisco Giants","Luis Matos","Right Field","29","5' 11"","207 lbs","23"
"San Francisco Giants","Heliot Ramos","Left Field","17","5' 11"","230 lbs","25"
"San Francisco Giants","Mike Yastrzemski","Right Field","5","5' 11"","180 lbs","34"
"Seattle Mariners","Eduard Bazardo","Relief Pitcher","83","6' 0"","190 lbs","29"
"Seattle Mariners","Matt Brash","Relief Pitcher","47","6' 1"","173 lbs","27"
"Seattle Mariners","Luis Castillo","Starting Pitcher","58","6' 2"","200 lbs","32"
"Seattle Mariners","Logan Evans","Starting Pitcher","73","6' 4"","215 lbs","23"
"Seattle Mariners","Jesse Hahn","Relief Pitcher","49","6' 5"","205 lbs","35"
"Seattle Mariners","Emerson Hancock","Starting Pitcher","26","6' 4"","213 lbs","25"
"Seattle Mariners","Casey Legumina","Relief Pitcher","64","6' 2"","195 lbs","27"
"Seattle Mariners","Andres Munoz","Relief Pitcher","75","6' 2"","222 lbs","26"
"Seattle Mariners","Collin Snider","Relief Pitcher","52","6' 4"","195 lbs","29"
"Seattle Mariners","Gabe Speier","Relief Pitcher","55","5' 11"","200 lbs","30"
"Seattle Mariners","Troy Taylor","Relief Pitcher","59","6' 0"","205 lbs","23"
"Seattle Mariners","Carlos Vargas","Relief Pitcher","54","6' 4"","210 lbs","25"
"Seattle Mariners","Bryan Woo","Starting Pitcher","22","6' 2"","205 lbs","25"
"Seattle Mariners","Mitch Garver","Catcher","18","6' 1"","220 lbs","34"
"Seattle Mariners","Cal Raleigh","Catcher","29","6' 2"","235 lbs","28"
"Seattle Mariners","J.P. Crawford","Shortstop","3","6' 0"","202 lbs","30"
"Seattle Mariners","Miles Mastrobuoni","Third Base","21","5' 10"","185 lbs","29"
"Seattle Mariners","Dylan Moore","Second Base","25","6' 0"","205 lbs","32"
"Seattle Mariners","Jorge Polanco","Third Base","7","6' 0"","208 lbs","31"
"Seattle Mariners","Leo Rivas","Second Base","76","5' 8"","150 lbs","27"
"Seattle Mariners","Donovan Solano","First Base","39","5' 8"","210 lbs","37"
"Seattle Mariners","Rowdy Tellez","First Base","23","6' 4"","270 lbs","30"
"Seattle Mariners","Ben Williamson","Third Base","9","6' 0"","210 lbs","24"
"Seattle Mariners","Randy Arozarena","Left Field","56","5' 10"","185 lbs","30"
"Seattle Mariners","Julio Rodriguez","Center Field","44","6' 3"","228 lbs","24"
"Seattle Mariners","Leody Taveras","Center Field","4","6' 2"","195 lbs","26"
"St. Louis Cardinals","Erick Fedde","Starting Pitcher","12","6' 4"","205 lbs","32"
"St. Louis Cardinals","Gordon Graceffo","Relief Pitcher","44","6' 4"","220 lbs","25"
"St. Louis Cardinals","Sonny Gray","Starting Pitcher","54","5' 10"","190 lbs","35"
"St. Louis Cardinals","Ryan Helsley","Relief Pitcher","56","6' 2"","235 lbs","30"
"St. Louis Cardinals","John King","Relief Pitcher","47","6' 2"","215 lbs","30"
"St. Louis Cardinals","Kyle Leahy","Relief Pitcher","62","6' 5"","225 lbs","27"
"St. Louis Cardinals","Matthew Liberatore","Starting Pitcher","52","6' 4"","215 lbs","25"
"St. Louis Cardinals","Phil Maton","Relief Pitcher","88","6' 2"","206 lbs","32"
"St. Louis Cardinals","Steven Matz","Relief Pitcher","32","6' 2"","205 lbs","33"
"St. Louis Cardinals","Miles Mikolas","Starting Pitcher","39","6' 4"","230 lbs","36"
"St. Louis Cardinals","Andre Pallante","Starting Pitcher","53","6' 0"","215 lbs","26"
"St. Louis Cardinals","JoJo Romero","Relief Pitcher","59","5' 11"","215 lbs","28"
"St. Louis Cardinals","Chris Roycroft","Relief Pitcher","58","6' 8"","230 lbs","27"
"St. Louis Cardinals","Ryan Tepera","Relief Pitcher","38","6' 1"","195 lbs","37"
"St. Louis Cardinals","Ivan Herrera","Catcher","48","5' 11"","220 lbs","24"
"St. Louis Cardinals","Pedro Pages","Catcher","43","5' 11"","245 lbs","26"
"St. Louis Cardinals","Yohel Pozo","Catcher","63","5' 11"","201 lbs","27"
"St. Louis Cardinals","Nolan Arenado","Third Base","28","6' 2"","215 lbs","34"
"St. Louis Cardinals","Jose Barrero","Shortstop","27","6' 4"","211 lbs","27"
"St. Louis Cardinals","Alec Burleson","First Base","41","6' 0"","225 lbs","26"
"St. Louis Cardinals","Willson Contreras","First Base","40","6' 1"","240 lbs","33"
"St. Louis Cardinals","Brendan Donovan","Second Base","33","5' 11"","210 lbs","28"
"St. Louis Cardinals","Nolan Gorman","Second Base","16","6' 0"","225 lbs","25"
"St. Louis Cardinals","Masyn Winn","Shortstop","0","5' 9"","185 lbs","23"
"St. Louis Cardinals","Lars Nootbaar","Left Field","21","6' 1"","205 lbs","27"
"St. Louis Cardinals","Victor Scott II","Center Field","11","5' 11"","190 lbs","24"
"St. Louis Cardinals","Jordan Walker","Right Field","18","6' 6"","250 lbs","23"
"Tampa Bay Rays","Shane Baz","Starting Pitcher","11","6' 3"","200 lbs","25"
"Tampa Bay Rays","Taj Bradley","Starting Pitcher","45","6' 2"","220 lbs","24"
"Tampa Bay Rays","Garrett Cleavinger","Relief Pitcher","60","6' 1"","225 lbs","31"
"Tampa Bay Rays","Pete Fairbanks","Relief Pitcher","29","6' 6"","235 lbs","31"
"Tampa Bay Rays","Zack Littell","Starting Pitcher","52","6' 4"","250 lbs","29"
"Tampa Bay Rays","Mason Montgomery","Relief Pitcher","48","6' 2"","205 lbs","24"
"Tampa Bay Rays","Eric Orze","Relief Pitcher","17","6' 4"","205 lbs","27"
"Tampa Bay Rays","Ryan Pepiot","Starting Pitcher","44","6' 3"","210 lbs","27"
"Tampa Bay Rays","Drew Rasmussen","Starting Pitcher","57","6' 1"","240 lbs","29"
"Tampa Bay Rays","Manuel Rodriguez","Relief Pitcher","39","5' 11"","205 lbs","28"
"Tampa Bay Rays","Connor Seabold","Starting Pitcher","41","6' 2"","190 lbs","29"
"Tampa Bay Rays","Cole Sulser","Relief Pitcher","71","6' 0"","200 lbs","35"
"Tampa Bay Rays","Edwin Uceta","Relief Pitcher","63","6' 0"","210 lbs","27"
"Tampa Bay Rays","Danny Jansen","Catcher","19","6' 1"","240 lbs","30"
"Tampa Bay Rays","Ben Rortvedt","Catcher","30","5' 9"","210 lbs","27"
"Tampa Bay Rays","Jonathan Aranda","First Base","62","6' 0"","215 lbs","26"
"Tampa Bay Rays","Junior Caminero","Third Base","13","6' 1"","220 lbs","21"
"Tampa Bay Rays","Yandy Diaz","First Base","2","6' 1"","235 lbs","33"
"Tampa Bay Rays","Brandon Lowe","Second Base","8","5' 10"","190 lbs","30"
"Tampa Bay Rays","Curtis Mead","First Base","25","6' 1"","225 lbs","24"
"Tampa Bay Rays","Taylor Walls","Shortstop","6","5' 8"","185 lbs","28"
"Tampa Bay Rays","Jose Caballero","Right Field","77","5' 10"","190 lbs","28"
"Tampa Bay Rays","Josh Lowe","Right Field","15","6' 4"","220 lbs","27"
"Tampa Bay Rays","Kameron Misner","Center Field","26","6' 4"","220 lbs","27"
"Tampa Bay Rays","Christopher Morel","Left Field","24","6' 0"","200 lbs","25"
"Tampa Bay Rays","Chandler Simpson","Center Field","14","5' 11"","170 lbs","24"
"Texas Rangers","Shawn Armstrong","Relief Pitcher","43","6' 2"","225 lbs","34"
"Texas Rangers","Caleb Boushley","Relief Pitcher","70","6' 3"","190 lbs","31"
"Texas Rangers","Patrick Corbin","Starting Pitcher","46","6' 4"","225 lbs","35"
"Texas Rangers","Jacob deGrom","Starting Pitcher","48","6' 4"","180 lbs","36"
"Texas Rangers","Nathan Eovaldi","Starting Pitcher","17","6' 2"","217 lbs","35"
"Texas Rangers","Robert Garcia","Relief Pitcher","62","6' 4"","236 lbs","28"
"Texas Rangers","Luke Jackson","Relief Pitcher","77","6' 2"","210 lbs","33"
"Texas Rangers","Jacob Latz","Relief Pitcher","67","6' 2"","185 lbs","29"
"Texas Rangers","Jack Leiter","Starting Pitcher","35","6' 1"","205 lbs","25"
"Texas Rangers","Tyler Mahle","Starting Pitcher","51","6' 3"","210 lbs","30"
"Texas Rangers","Hoby Milner","Relief Pitcher","41","6' 3"","187 lbs","34"
"Texas Rangers","Jacob Webb","Relief Pitcher","71","6' 2"","210 lbs","31"
"Texas Rangers","Cole Winn","Relief Pitcher","60","6' 2"","190 lbs","25"
"Texas Rangers","Tucker Barnhart","Catcher","18","5' 8"","192 lbs","34"
"Texas Rangers","Jonah Heim","Catcher","28","6' 4"","220 lbs","29"
"Texas Rangers","Kyle Higashioka","Catcher","11","6' 0"","202 lbs","35"
"Texas Rangers","Jake Burger","First Base","21","6' 0"","230 lbs","29"
"Texas Rangers","Ezequiel Duran","Shortstop","20","5' 10"","185 lbs","26"
"Texas Rangers","Josh Jung","Third Base","6","6' 1"","214 lbs","27"
"Texas Rangers","Joc Pederson","First Base","4","6' 1"","220 lbs","33"
"Texas Rangers","Marcus Semien","Second Base","2","6' 0"","195 lbs","34"
"Texas Rangers","Josh Smith","Shortstop","8","5' 9"","172 lbs","27"
"Texas Rangers","Adolis Garcia","Right Field","53","6' 0"","205 lbs","32"
"Texas Rangers","Sam Haggerty","Center Field","0","5' 11"","175 lbs","30"
"Texas Rangers","Wyatt Langford","Left Field","36","6' 0"","225 lbs","23"
"Texas Rangers","Kevin Pillar","Center Field","1","6' 0"","210 lbs","36"
"Toronto Blue Jays","Chris Bassitt","Starting Pitcher","40","6' 5"","217 lbs","36"
"Toronto Blue Jays","Jose Berrios","Starting Pitcher","17","6' 0"","205 lbs","30"
"Toronto Blue Jays","Braydon Fisher","Relief Pitcher","63","6' 4"","180 lbs","24"
"Toronto Blue Jays","Mason Fluharty","Relief Pitcher","68","6' 2"","215 lbs","23"
"Toronto Blue Jays","Bowden Francis","Starting Pitcher","44","6' 5"","220 lbs","29"
"Toronto Blue Jays","Yimi Garcia","Relief Pitcher","93","6' 1"","230 lbs","34"
"Toronto Blue Jays","Kevin Gausman","Starting Pitcher","34","6' 2"","205 lbs","34"
"Toronto Blue Jays","Chad Green","Relief Pitcher","57","6' 3"","215 lbs","33"
"Toronto Blue Jays","Jeff Hoffman","Relief Pitcher","23","6' 5"","235 lbs","32"
"Toronto Blue Jays","Eric Lauer","Relief Pitcher","56","6' 3"","209 lbs","29"
"Toronto Blue Jays","Brendon Little","Relief Pitcher","54","6' 2"","195 lbs","28"
"Toronto Blue Jays","Yariel Rodriguez","Relief Pitcher","29","6' 0"","165 lbs","28"
"Toronto Blue Jays","Jose Urena","Starting Pitcher","48","6' 2"","208 lbs","33"
"Toronto Blue Jays","Tyler Heineman","Catcher","55","5' 10"","190 lbs","33"
"Toronto Blue Jays","Alejandro Kirk","Catcher","30","5' 8"","245 lbs","26"
"Toronto Blue Jays","Addison Barger","Third Base","47","6' 0"","210 lbs","25"
"Toronto Blue Jays","Bo Bichette","Shortstop","11","5' 11"","190 lbs","27"
"Toronto Blue Jays","Ernie Clement","Third Base","22","5' 11"","170 lbs","29"
"Toronto Blue Jays","Vladimir Guerrero Jr.","First Base","27","6' 0"","245 lbs","26"
"Toronto Blue Jays","Michael Stefanic","Second Base","16","5' 9"","180 lbs","29"
"Toronto Blue Jays","Jonatan Clase","Left Field","8","5' 10"","150 lbs","22"
"Toronto Blue Jays","Nathan Lukes","Center Field","38","5' 11"","180 lbs","30"
"Toronto Blue Jays","Anthony Santander","Right Field","25","6' 0"","230 lbs","30"
"Toronto Blue Jays","George Springer","Right Field","4","6' 1"","220 lbs","35"
"Toronto Blue Jays","Myles Straw","Center Field","3","5' 9"","178 lbs","30"
"Toronto Blue Jays","Daulton Varsho","Center Field","5","5' 8"","207 lbs","28"
"Washington Nationals","Zach Brzykcy","Relief Pitcher","66","6' 2"","208 lbs","25"
"Washington Nationals","Andrew Chafin","Relief Pitcher","53","6' 2"","235 lbs","34"
"Washington Nationals","Jose Ferrer","Relief Pitcher","47","6' 1"","233 lbs","25"
"Washington Nationals","Kyle Finnegan","Relief Pitcher","67","6' 2"","198 lbs","33"
"Washington Nationals","MacKenzie Gore","Starting Pitcher","1","6' 2"","193 lbs","26"
"Washington Nationals","Cole Henry","Relief Pitcher","99","6' 4"","200 lbs","25"
"Washington Nationals","Jake Irvin","Starting Pitcher","27","6' 6"","234 lbs","28"
"Washington Nationals","Jorge Lopez","Relief Pitcher","21","6' 3"","200 lbs","32"
"Washington Nationals","Brad Lord","Starting Pitcher","61","6' 3"","210 lbs","25"
"Washington Nationals","Mitchell Parker","Starting Pitcher","70","6' 4"","239 lbs","25"
"Washington Nationals","Jackson Rutledge","Relief Pitcher","79","6' 8"","241 lbs","26"
"Washington Nationals","Michael Soroka","Starting Pitcher","34","6' 5"","250 lbs","27"
"Washington Nationals","Trevor Williams","Starting Pitcher","32","6' 3"","231 lbs","33"
"Washington Nationals","Riley Adams","Catcher","15","6' 4"","263 lbs","28"
"Washington Nationals","Keibert Ruiz","Catcher","20","6' 0"","238 lbs","26"
"Washington Nationals","CJ Abrams","Shortstop","5","6' 0"","191 lbs","24"
"Washington Nationals","Josh Bell","First Base","19","6' 3"","261 lbs","32"
"Washington Nationals","Luis Garcia Jr.","Second Base","2","6' 1"","216 lbs","25"
"Washington Nationals","Nathaniel Lowe","First Base","33","6' 4"","220 lbs","29"
"Washington Nationals","Nasim Nunez","Shortstop","26","5' 8"","165 lbs","24"
"Washington Nationals","Amed Rosario","Third Base","13","6' 2"","190 lbs","29"
"Washington Nationals","Jose Tena","Third Base","8","5' 11"","195 lbs","24"
"Washington Nationals","Alex Call","Right Field","17","5' 11"","189 lbs","30"
"Washington Nationals","Robert Hassell III","Center Field","57","6' 1"","186 lbs","23"
"Washington Nationals","James Wood","Left Field","29","6' 7"","234 lbs","22"
"Washington Nationals","Jacob Young","Center Field","30","5' 11"","192 lbs","25"